ProductSubcategoryKey,ProductSKU,ProductKey - ProductName,ModelName,ProductDescription,ProductColor,ProductSize,ProductStyle,ProductCost,ProductPrice
31,HL-U509-R,"214 - Sport-100 Helmet, Red",Sport-100,"Universal fit, well-vented, lightweight , snap-on visor.",Red,0,0,13.0863,34.99
31,HL-U509,"215 - Sport-100 Helmet, Black",Sport-100,"Universal fit, well-vented, lightweight , snap-on visor.",Black,0,0,12.0278,33.6442
23,SO-B909-M,"218 - Mountain Bike Socks, M",Mountain Bike Socks,Combination of natural and synthetic fibers stays dry and provides just the right cushioning.,White,M,U,3.3963,9.5
23,SO-B909-L,"219 - Mountain Bike Socks, L",Mountain Bike Socks,Combination of natural and synthetic fibers stays dry and provides just the right cushioning.,White,L,U,3.3963,9.5
31,HL-U509-B,"220 - Sport-100 Helmet, Blue",Sport-100,"Universal fit, well-vented, lightweight , snap-on visor.",Blue,0,0,12.0278,33.6442
19,CA-1098,223 - AWC Logo Cap,Cycling Cap,Traditional style with a flip-up brim; one-size fits all.,Multi,0,U,5.7052,8.6442
21,LJ-0192-S,"226 - Long-Sleeve Logo Jersey, S",Long-Sleeve Logo Jersey,Unisex long-sleeve AWC logo microfiber cycling jersey,Multi,S,U,31.7244,48.0673
21,LJ-0192-M,"229 - Long-Sleeve Logo Jersey, M",Long-Sleeve Logo Jersey,Unisex long-sleeve AWC logo microfiber cycling jersey,Multi,M,U,31.7244,48.0673
21,LJ-0192-L,"232 - Long-Sleeve Logo Jersey, L",Long-Sleeve Logo Jersey,Unisex long-sleeve AWC logo microfiber cycling jersey,Multi,L,U,31.7244,48.0673
21,LJ-0192-X,"235 - Long-Sleeve Logo Jersey, XL",Long-Sleeve Logo Jersey,Unisex long-sleeve AWC logo microfiber cycling jersey,Multi,XL,U,31.7244,48.0673
14,FR-R92R-62,"238 - HL Road Frame - Red, 62",HL Road Frame,Our lightest and best quality aluminum frame made from the newest alloy; it is welded and heat-treated for strength. Our innovative design results in maximum comfort and performance.,Red,62,U,747.9682,1263.4598
14,FR-R92R-44,"241 - HL Road Frame - Red, 44",HL Road Frame,Our lightest and best quality aluminum frame made from the newest alloy; it is welded and heat-treated for strength. Our innovative design results in maximum comfort and performance.,Red,44,U,747.9682,1263.4598
14,FR-R92R-48,"244 - HL Road Frame - Red, 48",HL Road Frame,Our lightest and best quality aluminum frame made from the newest alloy; it is welded and heat-treated for strength. Our innovative design results in maximum comfort and performance.,Red,48,U,747.9682,1263.4598
14,FR-R92R-52,"247 - HL Road Frame - Red, 52",HL Road Frame,Our lightest and best quality aluminum frame made from the newest alloy; it is welded and heat-treated for strength. Our innovative design results in maximum comfort and performance.,Red,52,U,747.9682,1263.4598
14,FR-R92R-56,"250 - HL Road Frame - Red, 56",HL Road Frame,Our lightest and best quality aluminum frame made from the newest alloy; it is welded and heat-treated for strength. Our innovative design results in maximum comfort and performance.,Red,56,U,747.9682,1263.4598
14,FR-R38B-58,"253 - LL Road Frame - Black, 58",LL Road Frame,"The LL Frame provides a safe comfortable ride, while offering superior bump absorption in a value-priced aluminum frame.",Black,58,U,176.1997,297.6346
14,FR-R38B-60,"256 - LL Road Frame - Black, 60",LL Road Frame,"The LL Frame provides a safe comfortable ride, while offering superior bump absorption in a value-priced aluminum frame.",Black,60,U,176.1997,297.6346
14,FR-R38B-62,"259 - LL Road Frame - Black, 62",LL Road Frame,"The LL Frame provides a safe comfortable ride, while offering superior bump absorption in a value-priced aluminum frame.",Black,62,U,176.1997,297.6346
14,FR-R38R-44,"262 - LL Road Frame - Red, 44",LL Road Frame,"The LL Frame provides a safe comfortable ride, while offering superior bump absorption in a value-priced aluminum frame.",Red,44,U,181.4857,306.5636
14,FR-R38R-48,"264 - LL Road Frame - Red, 48",LL Road Frame,"The LL Frame provides a safe comfortable ride, while offering superior bump absorption in a value-priced aluminum frame.",Red,48,U,181.4857,306.5636
14,FR-R38R-52,"266 - LL Road Frame - Red, 52",LL Road Frame,"The LL Frame provides a safe comfortable ride, while offering superior bump absorption in a value-priced aluminum frame.",Red,52,U,181.4857,306.5636
14,FR-R38R-58,"268 - LL Road Frame - Red, 58",LL Road Frame,"The LL Frame provides a safe comfortable ride, while offering superior bump absorption in a value-priced aluminum frame.",Red,58,U,181.4857,306.5636
14,FR-R38R-60,"270 - LL Road Frame - Red, 60",LL Road Frame,"The LL Frame provides a safe comfortable ride, while offering superior bump absorption in a value-priced aluminum frame.",Red,60,U,181.4857,306.5636
14,FR-R38R-62,"272 - LL Road Frame - Red, 62",LL Road Frame,"The LL Frame provides a safe comfortable ride, while offering superior bump absorption in a value-priced aluminum frame.",Red,62,U,181.4857,306.5636
14,FR-R72R-44,"274 - ML Road Frame - Red, 44",ML Road Frame,"Made from the same aluminum alloy as our top-of-the line HL frame, the ML features a lightweight down-tube milled to the perfect diameter for optimal strength. Men's version.",Red,44,U,352.1394,594.83
14,FR-R72R-48,"275 - ML Road Frame - Red, 48",ML Road Frame,"Made from the same aluminum alloy as our top-of-the line HL frame, the ML features a lightweight down-tube milled to the perfect diameter for optimal strength. Men's version.",Red,48,U,352.1394,594.83
14,FR-R72R-52,"276 - ML Road Frame - Red, 52",ML Road Frame,"Made from the same aluminum alloy as our top-of-the line HL frame, the ML features a lightweight down-tube milled to the perfect diameter for optimal strength. Men's version.",Red,52,U,352.1394,594.83
14,FR-R72R-58,"277 - ML Road Frame - Red, 58",ML Road Frame,"Made from the same aluminum alloy as our top-of-the line HL frame, the ML features a lightweight down-tube milled to the perfect diameter for optimal strength. Men's version.",Red,58,U,352.1394,594.83
14,FR-R72R-60,"278 - ML Road Frame - Red, 60",ML Road Frame,"Made from the same aluminum alloy as our top-of-the line HL frame, the ML features a lightweight down-tube milled to the perfect diameter for optimal strength. Men's version.",Red,60,U,352.1394,594.83
14,FR-R38B-44,"279 - LL Road Frame - Black, 44",LL Road Frame,"The LL Frame provides a safe comfortable ride, while offering superior bump absorption in a value-priced aluminum frame.",Black,44,U,176.1997,297.6346
14,FR-R38B-48,"282 - LL Road Frame - Black, 48",LL Road Frame,"The LL Frame provides a safe comfortable ride, while offering superior bump absorption in a value-priced aluminum frame.",Black,48,U,176.1997,297.6346
14,FR-R38B-52,"285 - LL Road Frame - Black, 52",LL Road Frame,"The LL Frame provides a safe comfortable ride, while offering superior bump absorption in a value-priced aluminum frame.",Black,52,U,176.1997,297.6346
12,FR-M94S-42,"288 - HL Mountain Frame - Silver, 42",HL Mountain Frame,Each frame is hand-crafted in our Bothell facility to the optimum diameter and wall-thickness required of a premium mountain frame. The heat-treated welded aluminum frame has a larger diameter tube that absorbs the bumps.,Silver,42,U,623.8403,1204.3248
12,FR-M94S-44,"291 - HL Mountain Frame - Silver, 44",HL Mountain Frame,Each frame is hand-crafted in our Bothell facility to the optimum diameter and wall-thickness required of a premium mountain frame. The heat-treated welded aluminum frame has a larger diameter tube that absorbs the bumps.,Silver,44,U,706.811,1364.5
12,FR-M94S-52,"292 - HL Mountain Frame - Silver, 48",HL Mountain Frame,Each frame is hand-crafted in our Bothell facility to the optimum diameter and wall-thickness required of a premium mountain frame. The heat-treated welded aluminum frame has a larger diameter tube that absorbs the bumps.,Silver,48,U,706.811,1364.5
12,FR-M94S-46,"293 - HL Mountain Frame - Silver, 46",HL Mountain Frame,Each frame is hand-crafted in our Bothell facility to the optimum diameter and wall-thickness required of a premium mountain frame. The heat-treated welded aluminum frame has a larger diameter tube that absorbs the bumps.,Silver,46,U,623.8403,1204.3248
12,FR-M94B-42,"296 - HL Mountain Frame - Black, 42",HL Mountain Frame,Each frame is hand-crafted in our Bothell facility to the optimum diameter and wall-thickness required of a premium mountain frame. The heat-treated welded aluminum frame has a larger diameter tube that absorbs the bumps.,Black,42,U,617.0281,1191.1739
12,FR-M94B-44,"299 - HL Mountain Frame - Black, 44",HL Mountain Frame,Each frame is hand-crafted in our Bothell facility to the optimum diameter and wall-thickness required of a premium mountain frame. The heat-treated welded aluminum frame has a larger diameter tube that absorbs the bumps.,Black,44,U,699.0928,1349.6
12,FR-M94B-48,"300 - HL Mountain Frame - Black, 48",HL Mountain Frame,Each frame is hand-crafted in our Bothell facility to the optimum diameter and wall-thickness required of a premium mountain frame. The heat-treated welded aluminum frame has a larger diameter tube that absorbs the bumps.,Black,48,U,699.0928,1349.6
12,FR-M94B-46,"301 - HL Mountain Frame - Black, 46",HL Mountain Frame,Each frame is hand-crafted in our Bothell facility to the optimum diameter and wall-thickness required of a premium mountain frame. The heat-treated welded aluminum frame has a larger diameter tube that absorbs the bumps.,Black,46,U,617.0281,1191.1739
12,FR-M94B-38,"304 - HL Mountain Frame - Black, 38",HL Mountain Frame,Each frame is hand-crafted in our Bothell facility to the optimum diameter and wall-thickness required of a premium mountain frame. The heat-treated welded aluminum frame has a larger diameter tube that absorbs the bumps.,Black,38,U,617.0281,1191.1739
12,FR-M94S-38,"307 - HL Mountain Frame - Silver, 38",HL Mountain Frame,Each frame is hand-crafted in our Bothell facility to the optimum diameter and wall-thickness required of a premium mountain frame. The heat-treated welded aluminum frame has a larger diameter tube that absorbs the bumps.,Silver,38,U,623.8403,1204.3248
2,BK-R93R-62,"310 - Road-150 Red, 62",Road-150,"This bike is ridden by race winners. Developed with the Adventure Works Cycles professional race team, it has a extremely light heat-treated aluminum frame, and steering that allows precision control.",Red,62,U,2171.2942,3578.27
2,BK-R93R-44,"311 - Road-150 Red, 44",Road-150,"This bike is ridden by race winners. Developed with the Adventure Works Cycles professional race team, it has a extremely light heat-treated aluminum frame, and steering that allows precision control.",Red,44,U,2171.2942,3578.27
2,BK-R93R-48,"312 - Road-150 Red, 48",Road-150,"This bike is ridden by race winners. Developed with the Adventure Works Cycles professional race team, it has a extremely light heat-treated aluminum frame, and steering that allows precision control.",Red,48,U,2171.2942,3578.27
2,BK-R93R-52,"313 - Road-150 Red, 52",Road-150,"This bike is ridden by race winners. Developed with the Adventure Works Cycles professional race team, it has a extremely light heat-treated aluminum frame, and steering that allows precision control.",Red,52,U,2171.2942,3578.27
2,BK-R93R-56,"314 - Road-150 Red, 56",Road-150,"This bike is ridden by race winners. Developed with the Adventure Works Cycles professional race team, it has a extremely light heat-treated aluminum frame, and steering that allows precision control.",Red,56,U,2171.2942,3578.27
2,BK-R68R-58,"315 - Road-450 Red, 58",Road-450,"A true multi-sport bike that offers streamlined riding and a revolutionary design. Aerodynamic design lets you ride with the pros, and the gearing will conquer hilly roads.",Red,58,U,884.7083,1457.99
2,BK-R68R-60,"316 - Road-450 Red, 60",Road-450,"A true multi-sport bike that offers streamlined riding and a revolutionary design. Aerodynamic design lets you ride with the pros, and the gearing will conquer hilly roads.",Red,60,U,884.7083,1457.99
2,BK-R68R-44,"317 - Road-450 Red, 44",Road-450,"A true multi-sport bike that offers streamlined riding and a revolutionary design. Aerodynamic design lets you ride with the pros, and the gearing will conquer hilly roads.",Red,44,U,884.7083,1457.99
2,BK-R68R-48,"318 - Road-450 Red, 48",Road-450,"A true multi-sport bike that offers streamlined riding and a revolutionary design. Aerodynamic design lets you ride with the pros, and the gearing will conquer hilly roads.",Red,48,U,884.7083,1457.99
2,BK-R68R-52,"319 - Road-450 Red, 52",Road-450,"A true multi-sport bike that offers streamlined riding and a revolutionary design. Aerodynamic design lets you ride with the pros, and the gearing will conquer hilly roads.",Red,52,U,884.7083,1457.99
2,BK-R50R-58,"320 - Road-650 Red, 58",Road-650,"Value-priced bike with many features of our top-of-the-line models. Has the same light, stiff frame, and the quick acceleration we're famous for.",Red,58,U,413.1463,699.0982
2,BK-R50R-60,"322 - Road-650 Red, 60",Road-650,"Value-priced bike with many features of our top-of-the-line models. Has the same light, stiff frame, and the quick acceleration we're famous for.",Red,60,U,413.1463,699.0982
2,BK-R50R-62,"324 - Road-650 Red, 62",Road-650,"Value-priced bike with many features of our top-of-the-line models. Has the same light, stiff frame, and the quick acceleration we're famous for.",Red,62,U,413.1463,699.0982
2,BK-R50R-44,"326 - Road-650 Red, 44",Road-650,"Value-priced bike with many features of our top-of-the-line models. Has the same light, stiff frame, and the quick acceleration we're famous for.",Red,44,U,413.1463,699.0982
2,BK-R50R-48,"328 - Road-650 Red, 48",Road-650,"Value-priced bike with many features of our top-of-the-line models. Has the same light, stiff frame, and the quick acceleration we're famous for.",Red,48,U,413.1463,699.0982
2,BK-R50R-52,"330 - Road-650 Red, 52",Road-650,"Value-priced bike with many features of our top-of-the-line models. Has the same light, stiff frame, and the quick acceleration we're famous for.",Red,52,U,413.1463,699.0982
2,BK-R50B-58,"332 - Road-650 Black, 58",Road-650,"Value-priced bike with many features of our top-of-the-line models. Has the same light, stiff frame, and the quick acceleration we're famous for.",Black,58,U,413.1463,699.0982
2,BK-R50B-60,"334 - Road-650 Black, 60",Road-650,"Value-priced bike with many features of our top-of-the-line models. Has the same light, stiff frame, and the quick acceleration we're famous for.",Black,60,U,413.1463,699.0982
2,BK-R50B-62,"336 - Road-650 Black, 62",Road-650,"Value-priced bike with many features of our top-of-the-line models. Has the same light, stiff frame, and the quick acceleration we're famous for.",Black,62,U,413.1463,699.0982
2,BK-R50B-44,"338 - Road-650 Black, 44",Road-650,"Value-priced bike with many features of our top-of-the-line models. Has the same light, stiff frame, and the quick acceleration we're famous for.",Black,44,U,413.1463,699.0982
2,BK-R50B-48,"340 - Road-650 Black, 48",Road-650,"Value-priced bike with many features of our top-of-the-line models. Has the same light, stiff frame, and the quick acceleration we're famous for.",Black,48,U,413.1463,699.0982
2,BK-R50B-52,"342 - Road-650 Black, 52",Road-650,"Value-priced bike with many features of our top-of-the-line models. Has the same light, stiff frame, and the quick acceleration we're famous for.",Black,52,U,413.1463,699.0982
1,BK-M82S-38,"344 - Mountain-100 Silver, 38",Mountain-100,"Top-of-the-line competition mountain bike. Performance-enhancing options include the innovative HL Frame, super-smooth front suspension, and traction for all terrain.",Silver,38,U,1912.1544,3399.99
1,BK-M82S-42,"345 - Mountain-100 Silver, 42",Mountain-100,"Top-of-the-line competition mountain bike. Performance-enhancing options include the innovative HL Frame, super-smooth front suspension, and traction for all terrain.",Silver,42,U,1912.1544,3399.99
1,BK-M82S-44,"346 - Mountain-100 Silver, 44",Mountain-100,"Top-of-the-line competition mountain bike. Performance-enhancing options include the innovative HL Frame, super-smooth front suspension, and traction for all terrain.",Silver,44,U,1912.1544,3399.99
1,BK-M82S-48,"347 - Mountain-100 Silver, 48",Mountain-100,"Top-of-the-line competition mountain bike. Performance-enhancing options include the innovative HL Frame, super-smooth front suspension, and traction for all terrain.",Silver,48,U,1912.1544,3399.99
1,BK-M82B-38,"348 - Mountain-100 Black, 38",Mountain-100,"Top-of-the-line competition mountain bike. Performance-enhancing options include the innovative HL Frame, super-smooth front suspension, and traction for all terrain.",Black,38,U,1898.0944,3374.99
1,BK-M82B-42,"349 - Mountain-100 Black, 42",Mountain-100,"Top-of-the-line competition mountain bike. Performance-enhancing options include the innovative HL Frame, super-smooth front suspension, and traction for all terrain.",Black,42,U,1898.0944,3374.99
1,BK-M82B-44,"350 - Mountain-100 Black, 44",Mountain-100,"Top-of-the-line competition mountain bike. Performance-enhancing options include the innovative HL Frame, super-smooth front suspension, and traction for all terrain.",Black,44,U,1898.0944,3374.99
1,BK-M82B-48,"351 - Mountain-100 Black, 48",Mountain-100,"Top-of-the-line competition mountain bike. Performance-enhancing options include the innovative HL Frame, super-smooth front suspension, and traction for all terrain.",Black,48,U,1898.0944,3374.99
1,BK-M68S-38,"352 - Mountain-200 Silver, 38",Mountain-200,Serious back-country riding. Perfect for all levels of competition. Uses the same HL Frame as the Mountain-100.,Silver,38,U,1117.8559,2071.4196
1,BK-M68S-42,"354 - Mountain-200 Silver, 42",Mountain-200,Serious back-country riding. Perfect for all levels of competition. Uses the same HL Frame as the Mountain-100.,Silver,42,U,1117.8559,2071.4196
1,BK-M68S-46,"356 - Mountain-200 Silver, 46",Mountain-200,Serious back-country riding. Perfect for all levels of competition. Uses the same HL Frame as the Mountain-100.,Silver,46,U,1117.8559,2071.4196
1,BK-M68B-38,"358 - Mountain-200 Black, 38",Mountain-200,Serious back-country riding. Perfect for all levels of competition. Uses the same HL Frame as the Mountain-100.,Black,38,U,1105.81,2049.0982
1,BK-M68B-42,"360 - Mountain-200 Black, 42",Mountain-200,Serious back-country riding. Perfect for all levels of competition. Uses the same HL Frame as the Mountain-100.,Black,42,U,1105.81,2049.0982
1,BK-M68B-46,"362 - Mountain-200 Black, 46",Mountain-200,Serious back-country riding. Perfect for all levels of competition. Uses the same HL Frame as the Mountain-100.,Black,46,U,1105.81,2049.0982
1,BK-M47B-38,"364 - Mountain-300 Black, 38",Mountain-300,For true trail addicts.  An extremely durable bike that will go anywhere and keep you in control on challenging terrain - without breaking your budget.,Black,38,U,598.4354,1079.99
1,BK-M47B-40,"365 - Mountain-300 Black, 40",Mountain-300,For true trail addicts.  An extremely durable bike that will go anywhere and keep you in control on challenging terrain - without breaking your budget.,Black,40,U,598.4354,1079.99
1,BK-M47B-44,"366 - Mountain-300 Black, 44",Mountain-300,For true trail addicts.  An extremely durable bike that will go anywhere and keep you in control on challenging terrain - without breaking your budget.,Black,44,U,598.4354,1079.99
1,BK-M47B-48,"367 - Mountain-300 Black, 48",Mountain-300,For true trail addicts.  An extremely durable bike that will go anywhere and keep you in control on challenging terrain - without breaking your budget.,Black,48,U,598.4354,1079.99
2,BK-R89R-44,"368 - Road-250 Red, 44",Road-250,"Alluminum-alloy frame provides a light, stiff ride, whether you are racing in the velodrome or on a demanding club ride on country roads.",Red,44,U,1518.7864,2443.35
2,BK-R89R-48,"369 - Road-250 Red, 48",Road-250,"Alluminum-alloy frame provides a light, stiff ride, whether you are racing in the velodrome or on a demanding club ride on country roads.",Red,48,U,1518.7864,2443.35
2,BK-R89R-52,"370 - Road-250 Red, 52",Road-250,"Alluminum-alloy frame provides a light, stiff ride, whether you are racing in the velodrome or on a demanding club ride on country roads.",Red,52,U,1518.7864,2443.35
2,BK-R89R-58,"371 - Road-250 Red, 58",Road-250,"Alluminum-alloy frame provides a light, stiff ride, whether you are racing in the velodrome or on a demanding club ride on country roads.",Red,58,U,1320.6838,2181.5625
2,BK-R89B-44,"373 - Road-250 Black, 44",Road-250,"Alluminum-alloy frame provides a light, stiff ride, whether you are racing in the velodrome or on a demanding club ride on country roads.",Black,44,U,1320.6838,2181.5625
2,BK-R89B-48,"375 - Road-250 Black, 48",Road-250,"Alluminum-alloy frame provides a light, stiff ride, whether you are racing in the velodrome or on a demanding club ride on country roads.",Black,48,U,1320.6838,2181.5625
2,BK-R89B-52,"377 - Road-250 Black, 52",Road-250,"Alluminum-alloy frame provides a light, stiff ride, whether you are racing in the velodrome or on a demanding club ride on country roads.",Black,52,U,1320.6838,2181.5625
2,BK-R89B-58,"379 - Road-250 Black, 58",Road-250,"Alluminum-alloy frame provides a light, stiff ride, whether you are racing in the velodrome or on a demanding club ride on country roads.",Black,58,U,1320.6838,2181.5625
2,BK-R64Y-38,"381 - Road-550-W Yellow, 38",Road-550-W,"Same technology as all of our Road series bikes, but the frame is sized for a woman.  Perfect all-around bike for road or racing.",Yellow,38,W,605.6492,1000.4375
2,BK-R64Y-40,"383 - Road-550-W Yellow, 40",Road-550-W,"Same technology as all of our Road series bikes, but the frame is sized for a woman.  Perfect all-around bike for road or racing.",Yellow,40,W,605.6492,1000.4375
2,BK-R64Y-42,"385 - Road-550-W Yellow, 42",Road-550-W,"Same technology as all of our Road series bikes, but the frame is sized for a woman.  Perfect all-around bike for road or racing.",Yellow,42,W,605.6492,1000.4375
2,BK-R64Y-44,"387 - Road-550-W Yellow, 44",Road-550-W,"Same technology as all of our Road series bikes, but the frame is sized for a woman.  Perfect all-around bike for road or racing.",Yellow,44,W,605.6492,1000.4375
2,BK-R64Y-48,"389 - Road-550-W Yellow, 48",Road-550-W,"Same technology as all of our Road series bikes, but the frame is sized for a woman.  Perfect all-around bike for road or racing.",Yellow,48,W,605.6492,1000.4375
10,FK-1639,391 - LL Fork,LL Fork,Stout design absorbs shock and offers more precise steering.,NA,0,0,65.8097,148.22
10,FK-5136,392 - ML Fork,ML Fork,Composite road fork with an aluminum steerer tube.,NA,0,0,77.9176,175.49
10,FK-9939,393 - HL Fork,HL Fork,High-performance carbon road fork with curved legs.,NA,0,0,101.8936,229.49
11,HS-0296,394 - LL Headset,LL Headset,Threadless headset provides quality at an economical price.,NA,0,0,15.1848,34.2
11,HS-2451,395 - ML Headset,ML Headset,Sealed cartridge keeps dirt out.,NA,0,0,45.4168,102.29
11,HS-3479,396 - HL Headset,HL Headset,"High-quality 1"" threadless headset with a grease port for quick lubrication.",NA,0,0,55.3801,124.73
4,HB-M243,397 - LL Mountain Handlebars,LL Mountain Handlebars,All-purpose bar for on or off-road.,NA,0,0,17.978,40.4909
4,HB-M763,399 - ML Mountain Handlebars,ML Mountain Handlebars,Tough aluminum alloy bars for downhill.,NA,0,0,24.9932,56.2909
4,HB-M918,401 - HL Mountain Handlebars,HL Mountain Handlebars,Flat bar strong enough for the pro circuit.,NA,0,0,48.5453,109.3364
4,HB-R504,403 - LL Road Handlebars,LL Road Handlebars,Unique shape provides easier reach to the levers.,NA,0,0,17.978,40.4909
4,HB-R720,405 - ML Road Handlebars,ML Road Handlebars,Anatomically shaped aluminum tube bar will suit all riders.,NA,0,0,24.9932,56.2909
4,HB-R956,407 - HL Road Handlebars,HL Road Handlebars,Designed for racers; high-end anatomically shaped bar from aluminum alloy.,NA,0,0,48.5453,109.3364
12,FR-M63B-38,"409 - ML Mountain Frame - Black, 38",ML Mountain Frame-W,The ML frame is a heat-treated aluminum frame made with the same detail and quality as our HL frame. It offers superior performance. Men's version.,Black,38,U,185.8193,348.76
17,FW-M423,410 - LL Mountain Front Wheel,LL Mountain Front Wheel,Replacement mountain wheel for entry-level rider.,Black,0,0,26.9708,60.745
17,FW-M762,411 - ML Mountain Front Wheel,ML Mountain Front Wheel,Replacement mountain wheel for the casual to serious rider.,Black,0,0,92.8071,209.025
17,FW-M928,412 - HL Mountain Front Wheel,HL Mountain Front Wheel,High-performance mountain replacement wheel.,Black,0,0,133.2955,300.215
17,FW-R623,413 - LL Road Front Wheel,LL Road Front Wheel,Replacement road front wheel for entry-level cyclist.,Black,0,0,37.9909,85.565
17,FW-R762,414 - ML Road Front Wheel,ML Road Front Wheel,Sturdy alloy features a quick-release hub.,Black,0,0,110.2829,248.385
17,FW-R820,415 - HL Road Front Wheel,HL Road Front Wheel,Strong wheel with double-walled rim.,Black,0,0,146.5466,330.06
17,FW-T905,416 - Touring Front Wheel,Touring Front Wheel,Aerodynamic rims for smooth riding.,Black,0,0,96.7964,218.01
14,FR-R72Y-38,"417 - ML Road Frame-W - Yellow, 38",ML Road Frame-W,"Made from the same aluminum alloy as our top-of-the line HL frame, the ML features a lightweight down-tube milled to the perfect diameter for optimal strength. Women's version.",Yellow,38,W,300.1188,540.7545
17,RW-M423,419 - LL Mountain Rear Wheel,LL Mountain Rear Wheel,Replacement mountain wheel for entry-level rider.,Black,0,0,38.9588,87.745
17,RW-M762,420 - ML Mountain Rear Wheel,ML Mountain Rear Wheel,Replacement mountain wheel for the casual to serious rider.,Black,0,0,104.7951,236.025
17,RW-M928,421 - HL Mountain Rear Wheel,HL Mountain Rear Wheel,High-performance mountain replacement wheel.,Black,0,0,145.2835,327.215
17,RW-R623,422 - LL Road Rear Wheel,LL Road Rear Wheel,Replacement road rear wheel for entry-level cyclist.,Black,0,0,49.9789,112.565
17,RW-R762,423 - ML Road Rear Wheel,ML Road Rear Wheel,Aluminum alloy rim with stainless steel spokes; built for speed.,Black,0,0,122.2709,275.385
17,RW-R820,424 - HL Road Rear Wheel,HL Road Rear Wheel,Strong rear wheel with double-walled rim.,Black,0,0,158.5346,357.06
17,RW-T905,425 - Touring Rear Wheel,Touring Rear Wheel,Excellent aerodynamic rims guarantee a smooth ride.,Black,0,0,108.7844,245.01
12,FR-M63B-40,"426 - ML Mountain Frame - Black, 40",ML Mountain Frame,The ML frame is a heat-treated aluminum frame made with the same detail and quality as our HL frame. It offers superior performance. Women's version.,Black,40,U,185.8193,348.76
12,FR-M63B-44,"427 - ML Mountain Frame - Black, 44",ML Mountain Frame,The ML frame is a heat-treated aluminum frame made with the same detail and quality as our HL frame. It offers superior performance. Women's version.,Black,44,U,185.8193,348.76
12,FR-M63B-48,"428 - ML Mountain Frame - Black, 48",ML Mountain Frame,The ML frame is a heat-treated aluminum frame made with the same detail and quality as our HL frame. It offers superior performance. Women's version.,Black,48,U,185.8193,348.76
14,FR-R72Y-40,"429 - ML Road Frame-W - Yellow, 40",ML Road Frame-W,"Made from the same aluminum alloy as our top-of-the line HL frame, the ML features a lightweight down-tube milled to the perfect diameter for optimal strength. Women's version.",Yellow,40,W,300.1188,540.7545
14,FR-R72Y-42,"431 - ML Road Frame-W - Yellow, 42",ML Road Frame-W,"Made from the same aluminum alloy as our top-of-the line HL frame, the ML features a lightweight down-tube milled to the perfect diameter for optimal strength. Women's version.",Yellow,42,W,300.1188,540.7545
14,FR-R72Y-44,"433 - ML Road Frame-W - Yellow, 44",ML Road Frame-W,"Made from the same aluminum alloy as our top-of-the line HL frame, the ML features a lightweight down-tube milled to the perfect diameter for optimal strength. Women's version.",Yellow,44,W,300.1188,540.7545
14,FR-R72Y-48,"435 - ML Road Frame-W - Yellow, 48",ML Road Frame-W,"Made from the same aluminum alloy as our top-of-the line HL frame, the ML features a lightweight down-tube milled to the perfect diameter for optimal strength. Women's version.",Yellow,48,W,300.1188,540.7545
14,FR-R92B-62,"437 - HL Road Frame - Black, 62",HL Road Frame,Our lightest and best quality aluminum frame made from the newest alloy; it is welded and heat-treated for strength. Our innovative design results in maximum comfort and performance.,Black,62,U,722.2568,1301.3636
14,FR-R92B-44,"439 - HL Road Frame - Black, 44",HL Road Frame,Our lightest and best quality aluminum frame made from the newest alloy; it is welded and heat-treated for strength. Our innovative design results in maximum comfort and performance.,Black,44,U,722.2568,1301.3636
14,FR-R92B-48,"441 - HL Road Frame - Black, 48",HL Road Frame,Our lightest and best quality aluminum frame made from the newest alloy; it is welded and heat-treated for strength. Our innovative design results in maximum comfort and performance.,Black,48,U,722.2568,1301.3636
14,FR-R92B-52,"443 - HL Road Frame - Black, 52",HL Road Frame,Our lightest and best quality aluminum frame made from the newest alloy; it is welded and heat-treated for strength. Our innovative design results in maximum comfort and performance.,Black,52,U,722.2568,1301.3636
22,SH-M897-S,"445 - Men's Sports Shorts, S",Men's Sports Shorts,Men's 8-panel racing shorts - lycra with an elastic waistband and leg grippers.,Black,S,M,24.7459,59.99
35,PA-T100,"446 - Touring-Panniers, Large",Touring-Panniers,"Durable, water-proof nylon construction with easy access. Large enough for weekend trips.",Grey,0,0,51.5625,125
34,LO-C100,447 - Cable Lock,Cable Lock,"Wraps to fit front and rear tires, carrier and 2 keys included.",NA,0,0,10.3125,25
36,PU-0452,448 - Minipump,Minipump,Designed for convenience. Fits in your pocket. Aluminum barrel. 160psi rated.,NA,0,0,8.2459,19.99
36,PU-M044,449 - Mountain Pump,Mountain Pump,Simple and light-weight. Emergency patches stored in handle.,NA,0,0,10.3084,24.99
33,LT-T990,450 - Taillights - Battery-Powered,Taillight,Affordable light for safe night riding - uses 3 AAA batteries,NA,0,0,5.7709,13.99
33,LT-H902,451 - Headlights - Dual-Beam,Headlights - Dual-Beam,Rechargeable dual-beam headlight.,NA,0,0,14.4334,34.99
33,LT-H903,452 - Headlights - Weatherproof,Headlights - Weatherproof,Rugged weatherproof headlight.,NA,0,0,18.5584,44.99
22,SH-M897-M,"453 - Men's Sports Shorts, M",Men's Sports Shorts,Men's 8-panel racing shorts - lycra with an elastic waistband and leg grippers.,Black,M,M,24.7459,59.99
22,SH-M897-L,"454 - Men's Sports Shorts, L",Men's Sports Shorts,Men's 8-panel racing shorts - lycra with an elastic waistband and leg grippers.,Black,L,M,24.7459,59.99
22,SH-M897-X,"455 - Men's Sports Shorts, XL",Men's Sports Shorts,Men's 8-panel racing shorts - lycra with an elastic waistband and leg grippers.,Black,XL,M,24.7459,59.99
24,TG-W091-S,"456 - Women's Tights, S",Women's Tights,Warm spandex tights for winter riding; seamless chamois construction eliminates pressure points.,Black,S,W,30.9334,74.99
24,TG-W091-M,"457 - Women's Tights, M",Women's Tights,Warm spandex tights for winter riding; seamless chamois construction eliminates pressure points.,Black,M,W,30.9334,74.99
24,TG-W091-L,"458 - Women's Tights, L",Women's Tights,Warm spandex tights for winter riding; seamless chamois construction eliminates pressure points.,Black,L,W,30.9334,74.99
18,SB-M891-S,"459 - Men's Bib-Shorts, S",Men's Bib-Shorts,"Designed for the AWC team with stay-put straps, moisture-control, chamois padding, and leg grippers.",Multi,S,M,37.1209,89.99
18,SB-M891-M,"460 - Men's Bib-Shorts, M",Men's Bib-Shorts,"Designed for the AWC team with stay-put straps, moisture-control, chamois padding, and leg grippers.",Multi,M,M,37.1209,89.99
18,SB-M891-L,"461 - Men's Bib-Shorts, L",Men's Bib-Shorts,"Designed for the AWC team with stay-put straps, moisture-control, chamois padding, and leg grippers.",Multi,L,M,37.1209,89.99
20,GL-H102-S,"462 - Half-Finger Gloves, S",Half-Finger Gloves,"Full padding, improved finger flex, durable palm, adjustable closure.",Black,S,U,9.7136,23.5481
20,GL-H102-M,"464 - Half-Finger Gloves, M",Half-Finger Gloves,"Full padding, improved finger flex, durable palm, adjustable closure.",Black,M,U,9.7136,23.5481
20,GL-H102-L,"466 - Half-Finger Gloves, L",Half-Finger Gloves,"Full padding, improved finger flex, durable palm, adjustable closure.",Black,L,U,9.7136,23.5481
20,GL-F110-S,"468 - Full-Finger Gloves, S",Full-Finger Gloves,"Synthetic palm, flexible knuckles, breathable mesh upper. Worn by the AWC team riders.",Black,S,U,15.6709,37.99
20,GL-F110-M,"469 - Full-Finger Gloves, M",Full-Finger Gloves,"Synthetic palm, flexible knuckles, breathable mesh upper. Worn by the AWC team riders.",Black,M,U,15.6709,37.99
20,GL-F110-L,"470 - Full-Finger Gloves, L",Full-Finger Gloves,"Synthetic palm, flexible knuckles, breathable mesh upper. Worn by the AWC team riders.",Black,L,U,15.6709,37.99
25,VE-C304-S,"471 - Classic Vest, S",Classic Vest,"Light-weight, wind-resistant, packs to fit into a pocket.",Blue,S,U,23.749,63.5
25,VE-C304-M,"472 - Classic Vest, M",Classic Vest,"Light-weight, wind-resistant, packs to fit into a pocket.",Blue,M,U,23.749,63.5
25,VE-C304-L,"473 - Classic Vest, L",Classic Vest,"Light-weight, wind-resistant, packs to fit into a pocket.",Blue,L,U,23.749,63.5
22,SH-W890-S,"474 - Women's Mountain Shorts, S",Women's Mountain Shorts,"Heavy duty, abrasion-resistant shorts feature seamless, lycra inner shorts with anti-bacterial chamois for comfort.",Black,S,W,26.1763,69.99
22,SH-W890-M,"475 - Women's Mountain Shorts, M",Women's Mountain Shorts,"Heavy duty, abrasion-resistant shorts feature seamless, lycra inner shorts with anti-bacterial chamois for comfort.",Black,M,W,26.1763,69.99
22,SH-W890-L,"476 - Women's Mountain Shorts, L",Women's Mountain Shorts,"Heavy duty, abrasion-resistant shorts feature seamless, lycra inner shorts with anti-bacterial chamois for comfort.",Black,L,W,26.1763,69.99
28,WB-H098,477 - Water Bottle - 30 oz.,Water Bottle,AWC logo water bottle - holds 30 oz; leak-proof.,NA,0,0,1.8663,4.99
28,BC-M005,478 - Mountain Bottle Cage,Mountain Bottle Cage,Tough aluminum cage holds bottle securly on tough terrain.,NA,0,0,3.7363,9.99
28,BC-R205,479 - Road Bottle Cage,Road Bottle Cage,Aluminum cage is lighter than our mountain version; perfect for long distance trips.,NA,0,0,3.3623,8.99
37,PK-7098,480 - Patch Kit/8 Patches,Patch kit,"Includes 8 different size patches, glue and sandpaper.",NA,0,0,0.8565,2.29
23,SO-R809-M,"481 - Racing Socks, M",Racing Socks,"Thin, lightweight and durable with cuffs that stay up.",White,M,U,3.3623,8.99
23,SO-R809-L,"482 - Racing Socks, L",Racing Socks,"Thin, lightweight and durable with cuffs that stay up.",White,L,U,3.3623,8.99
26,RA-H123,483 - Hitch Rack - 4-Bike,Hitch Rack - 4-Bike,"Carries 4 bikes securely; steel construction, fits 2"" receiver hitch.",NA,0,0,44.88,120
29,CL-9009,484 - Bike Wash - Dissolver,Bike Wash,"Washes off the toughest road grime; dissolves grease, environmentally safe. 1-liter bottle.",NA,0,0,2.9733,7.95
30,FE-6654,485 - Fender Set - Mountain,Fender Set - Mountain,Clip-on fenders fit most mountain bikes.,NA,0,0,8.2205,21.98
27,ST-1401,486 - All-Purpose Bike Stand,All-Purpose Bike Stand,Perfect all-purpose bike stand for working on your bike at home. Quick-adjusting clamps and steel construction.,NA,0,0,59.466,159
32,HY-1023-70,487 - Hydration Pack - 70 oz.,Hydration Pack,"Versatile 70 oz hydration pack offers extra storage, easy-fill access, and a waist belt.",Silver,70,0,20.5663,54.99
21,SJ-0194-S,"488 - Short-Sleeve Classic Jersey, S",Short-Sleeve Classic Jersey,"Short sleeve classic breathable jersey with superior moisture control, front zipper, and 3 back pockets.",Yellow,S,U,41.5723,53.99
21,SJ-0194-M,"489 - Short-Sleeve Classic Jersey, M",Short-Sleeve Classic Jersey,"Short sleeve classic breathable jersey with superior moisture control, front zipper, and 3 back pockets.",Yellow,M,U,41.5723,53.99
21,SJ-0194-L,"490 - Short-Sleeve Classic Jersey, L",Short-Sleeve Classic Jersey,"Short sleeve classic breathable jersey with superior moisture control, front zipper, and 3 back pockets.",Yellow,L,U,41.5723,53.99
21,SJ-0194-X,"491 - Short-Sleeve Classic Jersey, XL",Short-Sleeve Classic Jersey,"Short sleeve classic breathable jersey with superior moisture control, front zipper, and 3 back pockets.",Yellow,XL,U,41.5723,53.99
16,FR-T98Y-60,"492 - HL Touring Frame - Yellow, 60",HL Touring Frame,The HL aluminum frame is custom-shaped for both good looks and strength; it will withstand the most rigorous challenges of daily riding. Men's version.,Yellow,60,U,601.7437,1003.91
16,FR-T67Y-62,"493 - LL Touring Frame - Yellow, 62",LL Touring Frame,Lightweight butted aluminum frame provides a more upright riding position for a trip around town.  Our ground-breaking design provides optimum comfort.,Yellow,62,U,199.8519,333.42
16,FR-T98Y-46,"494 - HL Touring Frame - Yellow, 46",HL Touring Frame,The HL aluminum frame is custom-shaped for both good looks and strength; it will withstand the most rigorous challenges of daily riding. Men's version.,Yellow,46,U,601.7437,1003.91
16,FR-T98Y-50,"495 - HL Touring Frame - Yellow, 50",HL Touring Frame,The HL aluminum frame is custom-shaped for both good looks and strength; it will withstand the most rigorous challenges of daily riding. Men's version.,Yellow,50,U,601.7437,1003.91
16,FR-T98Y-54,"496 - HL Touring Frame - Yellow, 54",HL Touring Frame,The HL aluminum frame is custom-shaped for both good looks and strength; it will withstand the most rigorous challenges of daily riding. Men's version.,Yellow,54,U,601.7437,1003.91
16,FR-T98U-46,"497 - HL Touring Frame - Blue, 46",HL Touring Frame,The HL aluminum frame is custom-shaped for both good looks and strength; it will withstand the most rigorous challenges of daily riding. Men's version.,Blue,46,U,601.7437,1003.91
16,FR-T98U-50,"498 - HL Touring Frame - Blue, 50",HL Touring Frame,The HL aluminum frame is custom-shaped for both good looks and strength; it will withstand the most rigorous challenges of daily riding. Men's version.,Blue,50,U,601.7437,1003.91
16,FR-T98U-54,"499 - HL Touring Frame - Blue, 54",HL Touring Frame,The HL aluminum frame is custom-shaped for both good looks and strength; it will withstand the most rigorous challenges of daily riding. Men's version.,Blue,54,U,601.7437,1003.91
16,FR-T98U-60,"500 - HL Touring Frame - Blue, 60",HL Touring Frame,The HL aluminum frame is custom-shaped for both good looks and strength; it will withstand the most rigorous challenges of daily riding. Men's version.,Blue,60,U,601.7437,1003.91
9,RD-2308,501 - Rear Derailleur,Rear Derailleur,Wide-link design.,Silver,0,0,53.9282,121.46
16,FR-T67U-50,"502 - LL Touring Frame - Blue, 50",LL Touring Frame,Lightweight butted aluminum frame provides a more upright riding position for a trip around town.  Our ground-breaking design provides optimum comfort.,Blue,50,U,199.8519,333.42
16,FR-T67U-54,"503 - LL Touring Frame - Blue, 54",LL Touring Frame,Lightweight butted aluminum frame provides a more upright riding position for a trip around town.  Our ground-breaking design provides optimum comfort.,Blue,54,U,199.8519,333.42
16,FR-T67U-58,"504 - LL Touring Frame - Blue, 58",LL Touring Frame,Lightweight butted aluminum frame provides a more upright riding position for a trip around town.  Our ground-breaking design provides optimum comfort.,Blue,58,U,199.8519,333.42
16,FR-T67U-62,"505 - LL Touring Frame - Blue, 62",LL Touring Frame,Lightweight butted aluminum frame provides a more upright riding position for a trip around town.  Our ground-breaking design provides optimum comfort.,Blue,62,U,199.8519,333.42
16,FR-T67Y-44,"506 - LL Touring Frame - Yellow, 44",LL Touring Frame,Lightweight butted aluminum frame provides a more upright riding position for a trip around town.  Our ground-breaking design provides optimum comfort.,Yellow,44,U,199.8519,333.42
16,FR-T67Y-50,"507 - LL Touring Frame - Yellow, 50",LL Touring Frame,Lightweight butted aluminum frame provides a more upright riding position for a trip around town.  Our ground-breaking design provides optimum comfort.,Yellow,50,U,199.8519,333.42
16,FR-T67Y-54,"508 - LL Touring Frame - Yellow, 54",LL Touring Frame,Lightweight butted aluminum frame provides a more upright riding position for a trip around town.  Our ground-breaking design provides optimum comfort.,Yellow,54,U,199.8519,333.42
16,FR-T67Y-58,"509 - LL Touring Frame - Yellow, 58",LL Touring Frame,Lightweight butted aluminum frame provides a more upright riding position for a trip around town.  Our ground-breaking design provides optimum comfort.,Yellow,58,U,199.8519,333.42
16,FR-T67U-44,"510 - LL Touring Frame - Blue, 44",LL Touring Frame,Lightweight butted aluminum frame provides a more upright riding position for a trip around town.  Our ground-breaking design provides optimum comfort.,Blue,44,U,199.8519,333.42
12,FR-M63S-40,"511 - ML Mountain Frame-W - Silver, 40",ML Mountain Frame-W,The ML frame is a heat-treated aluminum frame made with the same detail and quality as our HL frame. It offers superior performance. Men's version.,Silver,40,W,199.3757,364.09
12,FR-M63S-42,"512 - ML Mountain Frame-W - Silver, 42",ML Mountain Frame-W,The ML frame is a heat-treated aluminum frame made with the same detail and quality as our HL frame. It offers superior performance. Men's version.,Silver,42,W,199.3757,364.09
12,FR-M63S-46,"513 - ML Mountain Frame-W - Silver, 46",ML Mountain Frame-W,The ML frame is a heat-treated aluminum frame made with the same detail and quality as our HL frame. It offers superior performance. Men's version.,Silver,46,W,199.3757,364.09
6,RB-9231,514 - Rear Brakes,Rear Brakes,0,Silver,0,0,47.286,106.5
15,SE-M236,515 - LL Mountain Seat/Saddle,LL Mountain Seat/Saddle 2,Synthetic leather. Features gel for increased comfort.,NA,0,0,12.0413,27.12
15,SE-M798,516 - ML Mountain Seat/Saddle,ML Mountain Seat/Saddle 2,Designed to absorb shock.,NA,0,0,17.3782,39.14
15,SE-M940,517 - HL Mountain Seat/Saddle,HL Mountain Seat/Saddle 2,Anatomic design for a full-day of riding in comfort. Durable leather.,NA,0,0,23.3722,52.64
15,SE-R581,518 - LL Road Seat/Saddle,LL Road Seat/Saddle 1,Lightweight foam-padded saddle.,NA,0,0,12.0413,27.12
15,SE-R908,519 - ML Road Seat/Saddle,ML Road Seat/Saddle 2,Rubber bumpers absorb bumps.,NA,0,0,17.3782,39.14
15,SE-R995,520 - HL Road Seat/Saddle,HL Road Seat/Saddle 2,Lightweight kevlar racing saddle. Leather.,NA,0,0,23.3722,52.64
15,SE-T312,521 - LL Touring Seat/Saddle,LL Touring Seat/Saddle,"Comfortable, ergonomically shaped gel saddle.",NA,0,0,12.0413,27.12
15,SE-T762,522 - ML Touring Seat/Saddle,ML Touring Seat/Saddle,New design relieves pressure for long rides.,NA,0,0,17.3782,39.14
15,SE-T924,523 - HL Touring Seat/Saddle,HL Touring Seat/Saddle,Cut-out shell for a more comfortable ride.,NA,0,0,23.3722,52.64
12,FR-M21S-42,"524 - LL Mountain Frame - Silver, 42",LL Mountain Frame,"Our best value utilizing the same, ground-breaking frame technology as the ML aluminum frame.",Silver,42,U,144.5938,264.05
12,FR-M21S-44,"525 - LL Mountain Frame - Silver, 44",LL Mountain Frame,"Our best value utilizing the same, ground-breaking frame technology as the ML aluminum frame.",Silver,44,U,144.5938,264.05
12,FR-M21S-48,"526 - LL Mountain Frame - Silver, 48",LL Mountain Frame,"Our best value utilizing the same, ground-breaking frame technology as the ML aluminum frame.",Silver,48,U,144.5938,264.05
12,FR-M21S-52,"527 - LL Mountain Frame - Silver, 52",LL Mountain Frame,"Our best value utilizing the same, ground-breaking frame technology as the ML aluminum frame.",Silver,52,U,144.5938,264.05
37,TT-M928,528 - Mountain Tire Tube,Mountain Tire Tube,Self-sealing tube.,NA,0,0,1.8663,4.99
37,TT-R982,529 - Road Tire Tube,Road Tire Tube,Conventional all-purpose tube.,NA,0,0,1.4923,3.99
37,TT-T092,530 - Touring Tire Tube,Touring Tire Tube,General purpose tube.,NA,0,0,1.8663,4.99
12,FR-M21B-42,"531 - LL Mountain Frame - Black, 42",LL Mountain Frame,"Our best value utilizing the same, ground-breaking frame technology as the ML aluminum frame.",Black,42,U,136.785,249.79
12,FR-M21B-44,"532 - LL Mountain Frame - Black, 44",LL Mountain Frame,"Our best value utilizing the same, ground-breaking frame technology as the ML aluminum frame.",Black,44,U,136.785,249.79
12,FR-M21B-48,"533 - LL Mountain Frame - Black, 48",LL Mountain Frame,"Our best value utilizing the same, ground-breaking frame technology as the ML aluminum frame.",Black,48,U,136.785,249.79
12,FR-M21B-52,"534 - LL Mountain Frame - Black, 52",LL Mountain Frame,"Our best value utilizing the same, ground-breaking frame technology as the ML aluminum frame.",Black,52,U,136.785,249.79
37,TI-M267,535 - LL Mountain Tire,LL Mountain Tire,"Comparible traction, less expensive wire bead casing.",NA,0,0,9.3463,24.99
37,TI-M602,536 - ML Mountain Tire,ML Mountain Tire,"Great traction, high-density rubber.",NA,0,0,11.2163,29.99
37,TI-M823,537 - HL Mountain Tire,HL Mountain Tire,"Incredible traction, lightweight carbon reinforced.",NA,0,0,13.09,35
37,TI-R092,538 - LL Road Tire,LL Road Tire,Same great treads as more expensive tire with a less expensive wire bead casing.,NA,0,0,8.0373,21.49
37,TI-R628,539 - ML Road Tire,ML Road Tire,Higher density rubber.,NA,0,0,9.3463,24.99
37,TI-R982,540 - HL Road Tire,HL Road Tire,Lightweight carbon reinforced  for an unrivaled ride at an un-compromised weight.,NA,0,0,12.1924,32.6
37,TI-T723,541 - Touring Tire,Touring Tire,High-density rubber.,NA,0,0,10.8423,28.99
13,PD-M282,542 - LL Mountain Pedal,LL Mountain Pedal,Expanded platform so you can ride in any shoes; great for all-around riding.,Silver/Black,0,0,17.9776,40.49
13,PD-M340,543 - ML Mountain Pedal,ML Mountain Pedal,"Lightweight, durable, clipless pedal with adjustable tension.",Silver/Black,0,0,27.568,62.09
13,PD-M562,544 - HL Mountain Pedal,HL Mountain Pedal,Stainless steel; designed to shed mud easily.,Silver/Black,0,0,35.9596,80.99
13,PD-R347,545 - LL Road Pedal,LL Road Pedal,Clipless pedals - aluminum.,Silver/Black,0,0,17.9776,40.49
13,PD-R563,546 - ML Road Pedal,ML Road Pedal,Lightweight aluminum alloy construction.,Silver/Black,0,0,27.568,62.09
13,PD-R853,547 - HL Road Pedal,HL Road Pedal,Top-of-the-line clipless pedals with adjustable tension.,Silver/Black,0,0,35.9596,80.99
13,PD-T852,548 - Touring Pedal,Touring Pedal,A stable pedal for all-day riding.,Silver/Black,0,0,35.9596,80.99
12,FR-M63S-38,"549 - ML Mountain Frame-W - Silver, 38",ML Mountain Frame-W,The ML frame is a heat-treated aluminum frame made with the same detail and quality as our HL frame. It offers superior performance. Men's version.,Silver,38,W,199.3757,364.09
12,FR-M21B-40,"550 - LL Mountain Frame - Black, 40",LL Mountain Frame,"Our best value utilizing the same, ground-breaking frame technology as the ML aluminum frame.",Black,40,U,136.785,249.79
12,FR-M21S-40,"551 - LL Mountain Frame - Silver, 40",LL Mountain Frame,"Our best value utilizing the same, ground-breaking frame technology as the ML aluminum frame.",Silver,40,U,144.5938,264.05
9,FD-2342,552 - Front Derailleur,Front Derailleur,Wide-link design.,Silver,0,0,40.6216,91.49
4,HB-T721,553 - LL Touring Handlebars,LL Touring Handlebars,Unique shape reduces fatigue for entry level riders.,NA,0,0,20.464,46.09
4,HB-T928,554 - HL Touring Handlebars,HL Touring Handlebars,A light yet stiff aluminum bar for long distance riding.,NA,0,0,40.6571,91.57
6,FB-9873,555 - Front Brakes,Front Brakes,All-weather brake pads; provides superior stopping by applying more surface to the rim.,Silver,0,0,47.286,106.5
8,CS-4759,556 - LL Crankset,LL Crankset,Super rigid spindle.,Black,0,0,77.9176,175.49
8,CS-6583,557 - ML Crankset,ML Crankset,High-strength crank arm.,Black,0,0,113.8816,256.49
8,CS-9183,558 - HL Crankset,HL Crankset,Triple crankset; alumunim crank arm; flawless shifting.,Black,0,0,179.8156,404.99
7,CH-0234,559 - Chain,Chain,Superior shifting performance.,Silver,0,0,8.9866,20.24
3,BK-T44U-60,"560 - Touring-2000 Blue, 60",Touring-2000,"The plush custom saddle keeps you riding all day,  and there's plenty of space to add panniers and bike bags to the newly-redesigned carrier.  This bike has stability when fully-loaded.",Blue,60,U,755.1508,1214.85
3,BK-T79Y-46,"561 - Touring-1000 Yellow, 46",Touring-1000,Travel in style and comfort. Designed for maximum comfort and safety. Wide gear range takes on all hills. High-tech aluminum alloy construction provides durability without added weight.,Yellow,46,U,1481.9379,2384.07
3,BK-T79Y-50,"562 - Touring-1000 Yellow, 50",Touring-1000,Travel in style and comfort. Designed for maximum comfort and safety. Wide gear range takes on all hills. High-tech aluminum alloy construction provides durability without added weight.,Yellow,50,U,1481.9379,2384.07
3,BK-T79Y-54,"563 - Touring-1000 Yellow, 54",Touring-1000,Travel in style and comfort. Designed for maximum comfort and safety. Wide gear range takes on all hills. High-tech aluminum alloy construction provides durability without added weight.,Yellow,54,U,1481.9379,2384.07
3,BK-T79Y-60,"564 - Touring-1000 Yellow, 60",Touring-1000,Travel in style and comfort. Designed for maximum comfort and safety. Wide gear range takes on all hills. High-tech aluminum alloy construction provides durability without added weight.,Yellow,60,U,1481.9379,2384.07
3,BK-T18U-54,"565 - Touring-3000 Blue, 54",Touring-3000,"All-occasion value bike with our basic comfort and safety features. Offers wider, more stable tires for a ride around town or weekend trip.",Blue,54,U,461.4448,742.35
3,BK-T18U-58,"566 - Touring-3000 Blue, 58",Touring-3000,"All-occasion value bike with our basic comfort and safety features. Offers wider, more stable tires for a ride around town or weekend trip.",Blue,58,U,461.4448,742.35
3,BK-T18U-62,"567 - Touring-3000 Blue, 62",Touring-3000,"All-occasion value bike with our basic comfort and safety features. Offers wider, more stable tires for a ride around town or weekend trip.",Blue,62,U,461.4448,742.35
3,BK-T18Y-44,"568 - Touring-3000 Yellow, 44",Touring-3000,"All-occasion value bike with our basic comfort and safety features. Offers wider, more stable tires for a ride around town or weekend trip.",Yellow,44,U,461.4448,742.35
3,BK-T18Y-50,"569 - Touring-3000 Yellow, 50",Touring-3000,"All-occasion value bike with our basic comfort and safety features. Offers wider, more stable tires for a ride around town or weekend trip.",Yellow,50,U,461.4448,742.35
3,BK-T18Y-54,"570 - Touring-3000 Yellow, 54",Touring-3000,"All-occasion value bike with our basic comfort and safety features. Offers wider, more stable tires for a ride around town or weekend trip.",Yellow,54,U,461.4448,742.35
3,BK-T18Y-58,"571 - Touring-3000 Yellow, 58",Touring-3000,"All-occasion value bike with our basic comfort and safety features. Offers wider, more stable tires for a ride around town or weekend trip.",Yellow,58,U,461.4448,742.35
3,BK-T18Y-62,"572 - Touring-3000 Yellow, 62",Touring-3000,"All-occasion value bike with our basic comfort and safety features. Offers wider, more stable tires for a ride around town or weekend trip.",Yellow,62,U,461.4448,742.35
3,BK-T79U-46,"573 - Touring-1000 Blue, 46",Touring-1000,Travel in style and comfort. Designed for maximum comfort and safety. Wide gear range takes on all hills. High-tech aluminum alloy construction provides durability without added weight.,Blue,46,U,1481.9379,2384.07
3,BK-T79U-50,"574 - Touring-1000 Blue, 50",Touring-1000,Travel in style and comfort. Designed for maximum comfort and safety. Wide gear range takes on all hills. High-tech aluminum alloy construction provides durability without added weight.,Blue,50,U,1481.9379,2384.07
3,BK-T79U-54,"575 - Touring-1000 Blue, 54",Touring-1000,Travel in style and comfort. Designed for maximum comfort and safety. Wide gear range takes on all hills. High-tech aluminum alloy construction provides durability without added weight.,Blue,54,U,1481.9379,2384.07
3,BK-T79U-60,"576 - Touring-1000 Blue, 60",Touring-1000,Travel in style and comfort. Designed for maximum comfort and safety. Wide gear range takes on all hills. High-tech aluminum alloy construction provides durability without added weight.,Blue,60,U,1481.9379,2384.07
3,BK-T44U-46,"577 - Touring-2000 Blue, 46",Touring-2000,"The plush custom saddle keeps you riding all day,  and there's plenty of space to add panniers and bike bags to the newly-redesigned carrier.  This bike has stability when fully-loaded.",Blue,46,U,755.1508,1214.85
3,BK-T44U-50,"578 - Touring-2000 Blue, 50",Touring-2000,"The plush custom saddle keeps you riding all day,  and there's plenty of space to add panniers and bike bags to the newly-redesigned carrier.  This bike has stability when fully-loaded.",Blue,50,U,755.1508,1214.85
3,BK-T44U-54,"579 - Touring-2000 Blue, 54",Touring-2000,"The plush custom saddle keeps you riding all day,  and there's plenty of space to add panniers and bike bags to the newly-redesigned carrier.  This bike has stability when fully-loaded.",Blue,54,U,755.1508,1214.85
2,BK-R79Y-40,"580 - Road-350-W Yellow, 40",Road-350-W,"Cross-train, race, or just socialize on a sleek, aerodynamic bike designed for a woman.  Advanced seat technology provides comfort all day.",Yellow,40,W,1082.51,1700.99
2,BK-R79Y-42,"581 - Road-350-W Yellow, 42",Road-350-W,"Cross-train, race, or just socialize on a sleek, aerodynamic bike designed for a woman.  Advanced seat technology provides comfort all day.",Yellow,42,W,1082.51,1700.99
2,BK-R79Y-44,"582 - Road-350-W Yellow, 44",Road-350-W,"Cross-train, race, or just socialize on a sleek, aerodynamic bike designed for a woman.  Advanced seat technology provides comfort all day.",Yellow,44,W,1082.51,1700.99
2,BK-R79Y-48,"583 - Road-350-W Yellow, 48",Road-350-W,"Cross-train, race, or just socialize on a sleek, aerodynamic bike designed for a woman.  Advanced seat technology provides comfort all day.",Yellow,48,W,1082.51,1700.99
2,BK-R19B-58,"584 - Road-750 Black, 58",Road-750,Entry level adult bike; offers a comfortable ride cross-country or down the block. Quick-release hubs and rims.,Black,58,U,343.6496,539.99
3,BK-T18U-44,"585 - Touring-3000 Blue, 44",Touring-3000,"All-occasion value bike with our basic comfort and safety features. Offers wider, more stable tires for a ride around town or weekend trip.",Blue,44,U,461.4448,742.35
3,BK-T18U-50,"586 - Touring-3000 Blue, 50",Touring-3000,"All-occasion value bike with our basic comfort and safety features. Offers wider, more stable tires for a ride around town or weekend trip.",Blue,50,U,461.4448,742.35
1,BK-M38S-38,"587 - Mountain-400-W Silver, 38",Mountain-400-W,"This bike delivers a high-level of performance on a budget. It is responsive and maneuverable, and offers peace-of-mind when you decide to go off-road.",Silver,38,W,419.7784,769.49
1,BK-M38S-40,"588 - Mountain-400-W Silver, 40",Mountain-400-W,"This bike delivers a high-level of performance on a budget. It is responsive and maneuverable, and offers peace-of-mind when you decide to go off-road.",Silver,40,W,419.7784,769.49
1,BK-M38S-42,"589 - Mountain-400-W Silver, 42",Mountain-400-W,"This bike delivers a high-level of performance on a budget. It is responsive and maneuverable, and offers peace-of-mind when you decide to go off-road.",Silver,42,W,419.7784,769.49
1,BK-M38S-46,"590 - Mountain-400-W Silver, 46",Mountain-400-W,"This bike delivers a high-level of performance on a budget. It is responsive and maneuverable, and offers peace-of-mind when you decide to go off-road.",Silver,46,W,419.7784,769.49
1,BK-M18S-40,"591 - Mountain-500 Silver, 40",Mountain-500,"Suitable for any type of riding, on or off-road. Fits any budget. Smooth-shifting with a comfortable ride.",Silver,40,U,308.2179,564.99
1,BK-M18S-42,"592 - Mountain-500 Silver, 42",Mountain-500,"Suitable for any type of riding, on or off-road. Fits any budget. Smooth-shifting with a comfortable ride.",Silver,42,U,308.2179,564.99
1,BK-M18S-44,"593 - Mountain-500 Silver, 44",Mountain-500,"Suitable for any type of riding, on or off-road. Fits any budget. Smooth-shifting with a comfortable ride.",Silver,44,U,308.2179,564.99
1,BK-M18S-48,"594 - Mountain-500 Silver, 48",Mountain-500,"Suitable for any type of riding, on or off-road. Fits any budget. Smooth-shifting with a comfortable ride.",Silver,48,U,308.2179,564.99
1,BK-M18S-52,"595 - Mountain-500 Silver, 52",Mountain-500,"Suitable for any type of riding, on or off-road. Fits any budget. Smooth-shifting with a comfortable ride.",Silver,52,U,308.2179,564.99
1,BK-M18B-40,"596 - Mountain-500 Black, 40",Mountain-500,"Suitable for any type of riding, on or off-road. Fits any budget. Smooth-shifting with a comfortable ride.",Black,40,U,294.5797,539.99
1,BK-M18B-42,"597 - Mountain-500 Black, 42",Mountain-500,"Suitable for any type of riding, on or off-road. Fits any budget. Smooth-shifting with a comfortable ride.",Black,42,U,294.5797,539.99
1,BK-M18B-44,"598 - Mountain-500 Black, 44",Mountain-500,"Suitable for any type of riding, on or off-road. Fits any budget. Smooth-shifting with a comfortable ride.",Black,44,U,294.5797,539.99
1,BK-M18B-48,"599 - Mountain-500 Black, 48",Mountain-500,"Suitable for any type of riding, on or off-road. Fits any budget. Smooth-shifting with a comfortable ride.",Black,48,U,294.5797,539.99
1,BK-M18B-52,"600 - Mountain-500 Black, 52",Mountain-500,"Suitable for any type of riding, on or off-road. Fits any budget. Smooth-shifting with a comfortable ride.",Black,52,U,294.5797,539.99
5,BB-7421,601 - LL Bottom Bracket,LL Bottom Bracket,Chromoly steel.,NA,0,0,23.9716,53.99
5,BB-8107,602 - ML Bottom Bracket,ML Bottom Bracket,Aluminum alloy cups; large diameter spindle.,NA,0,0,44.9506,101.24
5,BB-9108,603 - HL Bottom Bracket,HL Bottom Bracket,Aluminum alloy cups and a hollow axle.,NA,0,0,53.9416,121.49
2,BK-R19B-44,"604 - Road-750 Black, 44",Road-750,Entry level adult bike; offers a comfortable ride cross-country or down the block. Quick-release hubs and rims.,Black,44,U,343.6496,539.99
2,BK-R19B-48,"605 - Road-750 Black, 48",Road-750,Entry level adult bike; offers a comfortable ride cross-country or down the block. Quick-release hubs and rims.,Black,48,U,343.6496,539.99
2,BK-R19B-52,"606 - Road-750 Black, 52",Road-750,Entry level adult bike; offers a comfortable ride cross-country or down the block. Quick-release hubs and rims.,Black,52,U,343.6496,539.99
